country_code,country,bo,bo_site,bo_group,brand,brand_site,mp_domain,is_demo,note
TH,Thailand,THKZG1,kzg1bo.com,kzg1,DEE99,d99v1.com,dee99d.com,FALSE,
TH,Thailand,THKZG1,kzg1bo.com,kzg1,HK39,hk39v1.com,hk39.co,FALSE,
TH,Thailand,THKZG1,kzg1bo.com,kzg1,WOW69,wow69v2.com,wow69.cc,FALSE,
TH,Thailand,THKZG1,kzg1bo.com,kzg1,MK69,mk69v1.com,mk69.co,FALSE,
TH,Thailand,THKZG1,kzg1bo.com,kzg1,XO268,xo268.win,xo268.win,FALSE,
TH,Thailand,THKZG1,kzg1bo.com,kzg1,CY268,cy268v1.co,cy268v1.com,FALSE,
TH,Thailand,THKZG1,kzg1bo.com,kzg1,KK69,kk69v1.com,kk69v1.com,FALSE,
TH,Thailand,THKZG1,kzg1bo.com,kzg1,DMKZ1,demokzg1.com,,TRUE,
TH,Thailand,THKZG1,kzg1bo.com,kzg1,BKK678,bkk678v1.com,bkk678v1.com,FALSE,
TH,Thailand,THKZG1,kzg1bo.com,kzg1,WIN268,win268v1.com,win268r.com,FALSE,
TH,Thailand,THKZG1,kzg1bo.com,kzg1,PAPA555,papa555v1.com,papa555r.com,FALSE,
TH,Thailand,THKZG1,kzg1bo.com,kzg1,HI268,hi268v1.com,hi268r.com,FALSE,
TH,Thailand,THKZG1,kzg1bo.com,kzg1,789XYZ,789xyzv1.com,789xyzz.com,FALSE,
TH,Thailand,THKZG1,kzg1bo.com,kzg1,UP555,up555v1.com,up555v3.com,FALSE,
TH,Thailand,THKZG1,kzg1bo.com,kzg1,MY456,my456v1.com,my4566.com,FALSE,
TH,Thailand,THKZG1,kzg1bo.com,kzg1,268MAMA,268mamav1.com,,FALSE,
TH,Thailand,THKZG1,kzg1bo.com,kzg1,MBK678,mbk678v1.com,,FALSE,
TH,Thailand,THKZG2,kzg2bo.com,kzg2,BIG188,big188fb5.com,big188.cc,FALSE,source cell shows full URL only
TH,Thailand,THKZG2,kzg2bo.com,kzg2,KISS39,kiss39v1.com,kiss39thai.com,FALSE,hyperlink points to kiss39fb2.com
TH,Thailand,THKZG2,kzg2bo.com,kzg2,POP369,pop369v1.com,pop3699.com,FALSE,hyperlink points to pop369th.com
TH,Thailand,THKZG2,kzg2bo.com,kzg2,GO989,g989v1.com,go989v1.com,FALSE,hyperlink points to goo989.com
TH,Thailand,THKZG2,kzg2bo.com,kzg2,KBK99,kbk99v1.cc,kbk99v1.com,FALSE,
TH,Thailand,THKZG2,kzg2bo.com,kzg2,W268,w268v1.com,w268v1.com,FALSE,
TH,Thailand,THKZG2,kzg2bo.com,kzg2,GIG58,gig58v1.com,gig58v1.com,FALSE,
TH,Thailand,THKZG2,kzg2bo.com,kzg2,BEER78,beer78v1.com,beer78v1.com,FALSE,
TH,Thailand,THKZG2,kzg2bo.com,kzg2,EZ333,ez333v1.com,ez333v1.com,FALSE,
TH,Thailand,THKZG2,kzg2bo.com,kzg2,789ABC,789abcv1.com,789abcs.com,FALSE,
TH,Thailand,THKZG2,kzg2bo.com,kzg2,MA268,ma268v1.com,ma2688.com,FALSE,
TH,Thailand,THKZG2,kzg2bo.com,kzg2,ME678,me678v1.com,me6788.com,FALSE,
TH,Thailand,THKZG2,kzg2bo.com,kzg2,TOP268,top268v1.com,top2688.com,FALSE,
TH,Thailand,THKZG2,kzg2bo.com,kzg2,789CR,789crv1.com,7789cr.com,FALSE,
TH,Thailand,THKZG2,kzg2bo.com,kzg2,BT268,bt268v1.com,,FALSE,
TH,Thailand,THKZG2,kzg2bo.com,kzg2,FUN678,fun678v1.com,,FALSE,
TH,Thailand,TH96G1,bo789bk.net,96g1,789BK,789bkv1.net,,FALSE,
TH,Thailand,TH96G1,bo789bk.net,96g1,JAI88,jai88v1.com,jai88b.org,FALSE,
TH,Thailand,TH96G1,bo789bk.net,96g1,SUK555,suk555v1.com,suk555b.org,FALSE,
TH,Thailand,TH96G1,bo789bk.net,96g1,GOGO69,gogo69v1.com,gogo69b.org,FALSE,
TH,Thailand,TH96G1,bo789bk.net,96g1,DEMO96G1,demo96g1.com,,TRUE,
TH,Thailand,TH96G1,bo789bk.net,96g1,OK69,ok69v1.com,ok69b.org,FALSE,
TH,Thailand,TH96G1,bo789bk.net,96g1,YES69,yes69v1.com,yes69b.org,FALSE,
TH,Thailand,TH96G1,bo789bk.net,96g1,WE67,we67v1.com,we67b.org,FALSE,
TH,Thailand,TH96G1,bo789bk.net,96g1,ME39,me39v1.net,me39b.org,FALSE,
TH,Thailand,TH96G1,bo789bk.net,96g1,TH96,th96v1.com,th96b.org,FALSE,
TH,Thailand,TH96G1,bo789bk.net,96g1,BKK67,bkk67v1.com,bkk67b.org,FALSE,
TH,Thailand,TH96G1,bo789bk.net,96g1,MC36,mc36v1.com,mc36b.org,FALSE,
TH,Thailand,TH96G2,bo96g2.net,96g2,TK69,tk69v1.com,tk69b.org,FALSE,
TH,Thailand,TH96G2,bo96g2.net,96g2,MEE55,mee55v1.com,mee55b.org,FALSE,
TH,Thailand,TH96G2,bo96g2.net,96g2,WA55,wa55v1.com,wa55b.org,FALSE,
TH,Thailand,TH96G2,bo96g2.net,96g2,YUM66,yum66v1.com,yum66b.org,FALSE,
TH,Thailand,TH96G2,bo96g2.net,96g2,BIG96,big96v1.com,big96b.org,FALSE,
TH,Thailand,TH96G2,bo96g2.net,96g2,KA555,ka555v1.com,ka555b.org,FALSE,
TH,Thailand,TH96G2,bo96g2.net,96g2,DEMO BRAND,demo96g2.net,,TRUE,
TH,Thailand,TH96G2,bo96g2.net,96g2,DK67,dk67v1.com,dk67.gg,FALSE,
TH,Thailand,TH96G2,bo96g2.net,96g2,BK678,bk678v1.com,bk678.gg,FALSE,
TH,Thailand,TH96G2,bo96g2.net,96g2,HI59,hi59v1.com,hi59.org,FALSE,
TH,Thailand,TH96G2,bo96g2.net,96g2,PK96,pk96v1.com,pk96.pro,FALSE,
TH,Thailand,THWDB1,wdb1bo.com,wdb1,TRU99,tru99s1.com,tru99.co,FALSE,
TH,Thailand,THWDB1,wdb1bo.com,wdb1,NOO66,noo66v1.com,noo66v6.com,FALSE,
TH,Thailand,THWDB1,wdb1bo.com,wdb1,DEMOWDB1,demowdb1.com,,TRUE,
TH,Thailand,THWDB1,wdb1bo.com,wdb1,XOX66,xox66v1.com,xox66.co,FALSE,
TH,Thailand,THBLG1,rm99bo.com,blg1,RM99,rm99v1.com,rm99.io,FALSE,
TH,Thailand,THBLG1,rm99bo.com,blg1,RNG999,rng999v1.com,rng999.io,FALSE,
TH,Thailand,THBLG1,rm99bo.com,blg1,XC69,xc69v1.com,xc69.co,FALSE,
TH,Thailand,THBLG1,rm99bo.com,blg1,DEMOBLG1,demoblg1.com,,TRUE,
TH,Thailand,THBLG1,rm99bo.com,blg1,SOS69,sos69v1.com,sos69.io,FALSE,
TH,Thailand,THBLG1,rm99bo.com,blg1,HOT666,hot666v1.com,hot666.co,FALSE,
TH,Thailand,THBLG1,rm99bo.com,blg1,77AC,77acp1.com,77acj1.com,FALSE,
TH,Thailand,THBLG1,rm99bo.com,blg1,MIX77,mix77n1.com,mix77j1.com,FALSE,
TH,Thailand,THBLG1,rm99bo.com,blg1,99EZ,99ezv1.com,99ez.io,FALSE,
TH,Thailand,THBLG1,rm99bo.com,blg1,WK66,wk66v1.com,wk66.io,FALSE,
TH,Thailand,THBLG1,rm99bo.com,blg1,JD77,jd77a1.com,jd77v1.com,FALSE,
TH,Thailand,THBLG1,rm99bo.com,blg1,DA69,da69v1.com,da69gg.com,FALSE,
TH,Thailand,THBLG1,rm99bo.com,blg1,XO69,xo69v1.com,xo69z1.com,FALSE,
TH,Thailand,THBLG1,rm99bo.com,blg1,SUK99,suk99v1.com,suk99p1.com,FALSE,
TH,Thailand,THBLG1,rm99bo.com,blg1,MIC99,mic99v1.com,mic99gg.com,FALSE,
TH,Thailand,THBLG1,rm99bo.com,blg1,YES989,yes989th.com,yes989ww.com,FALSE,
TH,Thailand,THBLG2,thblg2bo.com,blg2,BOOM369,boom369v1.com,,FALSE,
TH,Thailand,THBLG2,thblg2bo.com,blg2,GOT777,got777th.com,,FALSE,
TH,Thailand,THBLG2,thblg2bo.com,blg2,KAA88,kaa88dd.com,,FALSE,
TH,Thailand,THBLG2,thblg2bo.com,blg2,MOE99,moe99h1.com,,FALSE,
PH,Philippines,PHKZG1,phkz1bo.com,phk1,EZWIN,ezwinv1.com,ezwinv1.com,FALSE,
PH,Philippines,PHKZG1,phkz1bo.com,phk1,POPWIN,popwinv1.com,popwinv1.com,FALSE,
PH,Philippines,PHKZG1,phkz1bo.com,phk1,PHWOW,phwowv1.com,phwowv1.com,FALSE,
PH,Philippines,PHKZG1,phkz1bo.com,phk1,EZVIP,ezvipv1.com,ezvipv1.com,FALSE,
PH,Philippines,PHKZG1,phkz1bo.com,phk1,WTFWIN,wtfwinv1.com,wtfwinv1.com,FALSE,
PH,Philippines,PHKZG1,phkz1bo.com,phk1,EZEZPH,ezezphv1.com,ezezphv1.com,FALSE,
PH,Philippines,PHKZG1,phkz1bo.com,phk1,WINLUCK,winlv1.com,winluckr.com,FALSE,
PH,Philippines,PHKZG1,phkz1bo.com,phk1,DEMO BRAND,phdemokzg.com,,TRUE,
PH,Philippines,PHKZG1,phkz1bo.com,phk1,TOPWINPH,topwinphv1.com,topwinphr.com,FALSE,
PH,Philippines,PHKZG1,phkz1bo.com,phk1,RICHYPH,richyphv1.com,richyphr.com,FALSE,
PH,Philippines,PHKZG1,phkz1bo.com,phk1,LUXWINPH,luxwinphv1.com,luxwinphr.com,FALSE,
PH,Philippines,PHKZG1,phkz1bo.com,phk1,BIGWINPH,bigwinphv1.com,bigwinphr.com,FALSE,
PH,Philippines,PHKZG1,phkz1bo.com,phk1,EASYLUX,easyluxv1.com,easyluxr.com,FALSE,
PH,Philippines,PHKZG1,phkz1bo.com,phk1,ALLWINPH,allwinphv1.com,allwinphr.com,FALSE,
PH,Philippines,PHKZG1,phkz1bo.com,phk1,WINFASTPH,winfastphv1.com,winfastphr.com,FALSE,
PH,Philippines,PHKZG1,phkz1bo.com,phk1,YESWINPH,yeswinphv1.com,yeswinphr.com,FALSE,
PH,Philippines,PHKZG2,phkzg2bo.com,phkzg2,PHWINWIN,phwinwinv1.com,phwinwinn.com,FALSE,
PH,Philippines,PHKZG2,phkzg2bo.com,phkzg2,WOWWINPH,wowwinphv1.com,wowwinphv3.com,FALSE,
PH,Philippines,PHKZG2,phkzg2bo.com,phkzg2,TOPPH,topphv1.com,topphh.com,FALSE,
PH,Philippines,PHKZG2,phkzg2bo.com,phkzg2,GEMPH,gemphv1.com,gemphh.com,FALSE,
PH,Philippines,PHKZG2,phkzg2bo.com,phkzg2,JETPH,jetphv1.com,jetphh.com,FALSE,
PH,Philippines,PHKZG2,phkzg2bo.com,phkzg2,POPPH,popphv1.com,popphh.com,FALSE,
PH,Philippines,PHKZG2,phkzg2bo.com,phkzg2,GETPH,getphv1.com,getphh.com,FALSE,
PH,Philippines,PHKZG2,phkzg2bo.com,phkzg2,WINKPH,winkphv1.com,,FALSE,
PH,Philippines,PHKZG2,phkzg2bo.com,phkzg2,HITPHWIN,hphv1.com,,FALSE,
PH,Philippines,PHKZG2,phkzg2bo.com,phkzg2,GETRICHPH,grphv1.com,,FALSE,
PH,Philippines,PHKZG2,phkzg2bo.com,phkzg2,WOWPLAYPH,wpphv1.com,,FALSE,
PH,Philippines,PH96G1,boc9ph.net,ph96g1,WINMAYA,winmayav1.com,winmayab.org,FALSE,
PH,Philippines,PH96G1,boc9ph.net,ph96g1,YESPH,yesphv1.com,yesphb.com,FALSE,
PH,Philippines,PH96G1,boc9ph.net,ph96g1,LUCKPH,luckphv1.com,luckphb.com,FALSE,
PH,Philippines,PH96G1,boc9ph.net,ph96g1,LUCKON,luckonv1.com,luckonb.com,FALSE,
PH,Philippines,PH96G1,boc9ph.net,ph96g1,BAYPH,bayphv1.com,bayphb.com,FALSE,
PH,Philippines,PH96G1,boc9ph.net,ph96g1,ROLLMAYA,rollmaya.com,,FALSE,
PH,Philippines,PH96G1,boc9ph.net,ph96g1,ACEMAYA,acemaya.com,,FALSE,
PH,Philippines,PH96G1,boc9ph.net,ph96g1,FUNHQ,funhq.net,,FALSE,
PH,Philippines,PH96G1,boc9ph.net,ph96g1,WOWHQ,wowhq.net,,FALSE,
PH,Philippines,PHBLG1,blgboph.com,blgph1,MRJILI,mrjilik1.com,mrjili.io,FALSE,
BD,Bangladesh,BDKZG1,bdkz1bo.com,bdk1,ADDA7,addav1.com,adda71.com,FALSE,
BD,Bangladesh,BDKZG1,bdkz1bo.com,bdk1,DEMO BRAND,bddemokzg.com,,TRUE,
BD,Bangladesh,BDKZG1,bdkz1bo.com,bdk1,BDPOP,bdpopv1.com,bdpopv1.com,FALSE,
BD,Bangladesh,BDKZG1,bdkz1bo.com,bdk1,GOWINBD,gowinbdv1.com,gowinbdr.com,FALSE,
BD,Bangladesh,BDKZG1,bdkz1bo.com,bdk1,BDEASY,bdeasyv1.com,bdeasyr.com,FALSE,
BD,Bangladesh,BDKZG1,bdkz1bo.com,bdk1,SHUVOWIN,shuvowinv1.com,shuvowinr.com,FALSE,
BD,Bangladesh,BDKZG1,bdkz1bo.com,bdk1,RICHBD,richbdv1.com,richbdr.com,FALSE,
BD,Bangladesh,BDKZG1,bdkz1bo.com,bdk1,WINFASTBD,winfastbdv1.com,winfastbdd.com,FALSE,
BD,Bangladesh,BDKZG1,bdkz1bo.com,bdk1,EZCASHBD,ezcashbdv1.com,ezcashbdv3.com,FALSE,
BD,Bangladesh,BDKZG1,bdkz1bo.com,bdk1,GOGOBD,gogobdv1.com,gogobdbd.com,FALSE,
BD,Bangladesh,BDKZG1,bdkz1bo.com,bdk1,BDBIG,bdbigv1.com,bdbigg.com,FALSE,
BD,Bangladesh,BDKZG1,bdkz1bo.com,bdk1,BDRICH,bdrichv1.com,bdrichh.com,FALSE,
BD,Bangladesh,BDKZG1,bdkz1bo.com,bdk1,BESTBD,bestbdv1.com,bestbdd.com,FALSE,
BD,Bangladesh,BD96G1,96bdbo.com,bd96g1,BDJOSS,bdjossv1.com,bdjossbg.net,FALSE,
BD,Bangladesh,BD96G1,96bdbo.com,bd96g1,BDJOY,bdjoyv1.com,bdjoybg.net,FALSE,
BD,Bangladesh,BD96G1,96bdbo.com,bd96g1,GOLDBD,goldbdv1.com,goldbdbg.net,FALSE,
BD,Bangladesh,BD96G1,96bdbo.com,bd96g1,GOODBD,goodbdv1.com,goodbdbg.net,FALSE,
PK,Pakistan,PKKZG1,pkr1kzbo.com,pkk1,WOWPK,wowpkv1.com,wowpkv1.com,FALSE,
PK,Pakistan,PKKZG1,pkr1kzbo.com,pkk1,DEMO BRAND,pkdemokzg.com,,TRUE,
PK,Pakistan,PKKZG1,pkr1kzbo.com,pkk1,PKPOP,pkpopv4.com,pkpopv1.com,FALSE,production list shows v4 while MP domain list shows v1
PK,Pakistan,PKKZG1,pkr1kzbo.com,pkk1,GOPKWIN,gopkwinv1.com,gopkwinr.com,FALSE,
PK,Pakistan,PKKZG1,pkr1kzbo.com,pkk1,PKPLUS,pkplusv1.com,pkplusr.com,FALSE,
PK,Pakistan,PKKZG1,pkr1kzbo.com,pkk1,PKEASY,pkeasyv1.com,pkeasyy.com,FALSE,
PK,Pakistan,PKKZG1,pkr1kzbo.com,pkk1,CASHPK,cashpkv1.com,cashpkk.com,FALSE,
PK,Pakistan,PKKZG1,pkr1kzbo.com,pkk1,HOTPK,hotpkv1.com,hotpkk.com,FALSE,
PK,Pakistan,PKKZG1,pkr1kzbo.com,pkk1,HITPK,hitpkv1.com,hitpkk.com,FALSE,
PK,Pakistan,PKKZG1,pkr1kzbo.com,pkk1,GOCASHPK,gocashpkv1.com,gocashpkk.com,FALSE,
PK,Pakistan,PK96G1,96pkbo.com,pk96g1,TEZPK,tezpkv1.com,tezpkpt.net,FALSE,
PK,Pakistan,PK96G1,96pkbo.com,pk96g1,PROPK,propkv1.com,propkpt.net,FALSE,
PK,Pakistan,PK96G1,96pkbo.com,pk96g1,PKJEET,pkjeetv1.com,pkjeetv2.com,FALSE,
PK,Pakistan,PK96G1,96pkbo.com,pk96g1,PKNICE,pknicev1.com,pknicev2.com,FALSE,
IN,India,INKZG1,inrkz1bo.com,inkzg1,WOWID,wowidv1.com,wowidv1.com,FALSE,
IN,India,INKZG1,inrkz1bo.com,inkzg1,DEMO BRAND,inrdemokzg.com,,TRUE,
MX,Mexico,MXKZG1,mxnkz1bo.com,mxkzg1,MXWOW,mxwowv1.com,mxwowv1.com,FALSE,
MX,Mexico,MXKZG1,mxnkz1bo.com,mxkzg1,DEMO BRAND,mxndemokzg.com,,TRUE,
MX,Mexico,MXKZG1,mxnkz1bo.com,mxkzg1,WOWFUNO,wowfunov1.com,wowfunor.com,FALSE,
MX,Mexico,MXKZG1,mxnkz1bo.com,mxkzg1,GANAMX,ganamxv1.com,ganamxr.com,FALSE,
MX,Mexico,MXKZG1,mxnkz1bo.com,mxkzg1,WOWGANA,wowganav1.com,wowganar.com,FALSE,
MX,Mexico,MXKZG1,mxnkz1bo.com,mxkzg1,GOWINMX,gowinmxv1.com,gowinmxr.com,FALSE,
MX,Mexico,MXKZG1,mxnkz1bo.com,mxkzg1,VIVAGANA,vivaganav1.com,vivaganar.com,FALSE,
MX,Mexico,MXKZG1,mxnkz1bo.com,mxkzg1,EZGANA,ezganav1.com,ezganaa.com,FALSE,
MX,Mexico,MXKZG1,mxnkz1bo.com,mxkzg1,WINORO,winorov1.com,winoroo.com,FALSE,
MX,Mexico,MXKZG1,mxnkz1bo.com,mxkzg1,MXPOP,mxpopv1.com,mxpopp.com,FALSE,
MX,Mexico,MXKZG1,mxnkz1bo.com,mxkzg1,MXWINWIN,mxwinwinv1.com,mxwinwinn.com,FALSE,
MX,Mexico,MXKZG1,mxnkz1bo.com,mxkzg1,BIGMX,bigmxv1.com,bigmxx.com,FALSE,
MX,Mexico,MXKZG1,mxnkz1bo.com,mxkzg1,MXCASH,,mxcashh.com,FALSE,only in MP domain table - not listed in production section
MX,Mexico,MX96G1,96mxbo.com,mx96g1,OROMX,oromxv1.com,oromxjj.net,FALSE,
MX,Mexico,MX96G1,96mxbo.com,mx96g1,VAROMX,varomxv1.com,varomxjj.net,FALSE,
MX,Mexico,MX96G1,96mxbo.com,mx96g1,VIVEMX,vivemxv1.com,vivemxjj.net,FALSE,
BR,Brazil,BRKZG1,brkz1bo.com,brkzg1,WOWBR,wowbrv1.com,wowbrv1.com,FALSE,
BR,Brazil,BRKZG1,brkz1bo.com,brkzg1,DEMO BRAND,brldemokzg.com,,TRUE,
BR,Brazil,BRKZG1,brkz1bo.com,brkzg1,POPBR,popbrv1.com,popbrr.com,FALSE,
BR,Brazil,BRKZG1,brkz1bo.com,brkzg1,YESBR,yesbrv1.com,yesbrr.com,FALSE,
BR,Brazil,BRKZG1,brkz1bo.com,brkzg1,GETBR,getbrv1.com,getbrr.com,FALSE,
BR,Brazil,BRKZG1,brkz1bo.com,brkzg1,BRBIG,brbigv1.com,brbigg.com,FALSE,
BR,Brazil,BRKZG1,brkz1bo.com,brkzg1,RICHBR,richbrv1.com,richbrr.com,FALSE,
BR,Brazil,BRKZG1,brkz1bo.com,brkzg1,GOBRWIN,gobrwinv1.com,gobrwinn.com,FALSE,
PE,Peru,PEKZG1,penkz1bo.com,pekzg1,WOWLIMA,wowlmv1.com,wowlimas.com,FALSE,
PE,Peru,PEKZG1,penkz1bo.com,pekzg1,DEMO BRAND,pendemokzg.com,,TRUE,
PE,Peru,PEKZG1,penkz1bo.com,pekzg1,BIGPE,bigpev1.com,bigpev2.com,FALSE,
PE,Peru,PEKZG1,penkz1bo.com,pekzg1,PEPOP,pepopv1.com,pepopv2.com,FALSE,
PE,Peru,PEKZG1,penkz1bo.com,pekzg1,MAXPE,maxpev1.com,maxpee.com,FALSE,
PE,Peru,PEKZG1,penkz1bo.com,pekzg1,GOGOPE,gogopev1.com,gogopev3.com,FALSE,
PE,Peru,PEKZG1,penkz1bo.com,pekzg1,HITPE,hitpev1.com,hitpev3.com,FALSE,
CO,Colombia,COKZG1,copkz1bo.com,cokzg1,WOWBOGOTA,wowbgt1.com,wowbogotabgt.com,FALSE,
CO,Colombia,COKZG1,copkz1bo.com,cokzg1,DEMO BRAND,copdemokzg.com,,TRUE,
CO,Colombia,COKZG1,copkz1bo.com,cokzg1,WOWCO,wowcov1.com,wowcov3.com,FALSE,
CO,Colombia,COKZG1,copkz1bo.com,cokzg1,YESCO,yescopv1.com,yescopp.com,FALSE,MP domain table uses brand key yescop
CO,Colombia,COKZG1,copkz1bo.com,cokzg1,POPCOP,popcopv1.com,popcopp.com,FALSE,
CO,Colombia,COKZG1,copkz1bo.com,cokzg1,TOPCOP,topcopv1.com,topcopp.com,FALSE,
CO,Colombia,COKZG1,copkz1bo.com,cokzg1,CASHCOPP,cashcoppv1.com,cashcoppv3.com,FALSE,
EG,Egypt,EGKZG1,egpkz1bo.com,egkzg1,WOWCAIRO,wowcrv1.com,wowcairos.com,FALSE,
EG,Egypt,EGKZG1,egpkz1bo.com,egkzg1,DEMO BRAND,egpdemokzg.com,,TRUE,
ID,Indonesia,,,idk1,MAINBIG,,mainbigv1.com,FALSE,only in MP domain table - no production section for Indonesia
ID,Indonesia,,,idk1,MAINWOW,,mainwowv1.com,FALSE,only in MP domain table - no production section for Indonesia
ID,Indonesia,,,id96g1,HOKIFUN,,hokifunv1.com,FALSE,only in MP domain table - no production section for Indonesia
